familia,frecuencia,desperfecto_tipo,diagnostico_mas_comun,diagnosticos_alternativos,tarea_tipica
aberturas_carpinteria,20,falta manija en ventana de cocina,posible retiro sin reposición / posible perdida,posible retiro sin reposición,se realizo provisión y colocación de manija en traba de ventana faltante. Se coloco la misma y se corroboro luego su correcto funcionamiento. Se dejo carpintería en adecuadas condiciones de uso.
aberturas_carpinteria,16,puerta ingreso no cierra correctamente,pestillo trabado,cerradura rota. || pestillo no ingresa en perforación de marco chapa || hoja de carpintería roza en marco,se procedió a retirar cerradura y se realizo regulación de la misma logrando destrabar pestillo. Se coloco nuevamente la misma y se dejo carpintería en adecuadas condiciones de uso.
aberturas_carpinteria,13,puerta dormitorio no cierra correctamente,pestillo trabado,pestillo no ingresa en perforación de marco chapa || hoja de puerta roza con marco chapa || falta perno en bisagra inferior,"se limo perforación en marco de chapa, logrando de tal manera el ingreso de manera correcta de pestillo de cerradura. Se dejo carpintería en adecuadas condiciones de uso."
aberturas_carpinteria,11,puerta baño no cierra correctamente,pestillo no ingresa en perforación de marco chapa,pestillo no ingreso correctamente en perforación de marco de chapa || puerta con canto inferior hinchado || cerradura trabada,"se limo perforación en marco de chapa, logrando de tal manera el ingreso de manera correcta de pestillo de cerradura. Se dejo carpintería en adecuadas condiciones de uso."
aberturas_carpinteria,9,puerta balcón sin llave,posible perdida,posible perdida. || posible falta de entrega de juego de llaves || posible retiro sin reposición,se realizo cambio de cilindro en cerradura. Se coloco nuevo cilindro en cerradura y se dejo carpintería en adecuadas condiciones de uso. Se realizo entrega de juego de llaves.
aberturas_carpinteria,8,puerta ingreso no abre correctamente,pestillo trabado,"hoja roza con marco de chapa || madera deteriorada con humedad. || falta regular bisagras, hoja caída","se coloco aceite lubricante en cerradura de carpintería, logrando de tal manera destrabar pestillo y dejar carpintería en adecuadas condiciones de uso."
aberturas_carpinteria,6,puerta blindex no cierra correctamente,cerradura rota,falta regular hoja,se realizo provisión y colocación de nueva cerradura en puerta blindex. Luego de colocación se corroboro su correcto funcionamiento.
aberturas_carpinteria,6,puerta ventana balcón no cierra correctamente,traba de ventana rota,falta suplemento (flecha) de traba || traba rota || falta flecha en traba de ventana,se realizo cambio de traba de ventana. Posterior arreglo se corroboro su correcto funcionamiento.
aberturas_carpinteria,6,falta llave en puerta baño,posible perdida,posible retiro sin reposición / posible perdida,se realizo entrega y colocación de llave faltante en puerta baño
aberturas_carpinteria,5,puerta ventana no cierra bien,falta regular traba de carpintería,falta regular traba - flecha de carpintería,se procedió a realizar regulación de traba de carpintería. Se ajusto herrajes. Posterior arreglo se corroboro su correcto funcionamiento.
aberturas_carpinteria,5,puerta ingreso no traba correctamente,cerradura rota.,pestillo trabado || bocallave demasiado ajustado impide que regrese picaporte,se realizo provisión y colocación de nueva cerradura. Luego de colocación se corroboro su correcto funcionamiento.
aberturas_carpinteria,4,ventana no cierra correctamente,falta regular bisagra.,traba de ventana rota || traba rota || falta regular traba (flecha de traba),"se realizo ajuste y regulación en bisagra de carpintería, dejando la misma en adecuadas condiciones de uso."
aberturas_carpinteria,4,falta picaporte en puerta baño,posible retiro sin reposición,,se realizo colocación de picaporte doble balancín faltante en puerta baño. Luego de colocación se corroboro su correcto funcionamiento.
aberturas_carpinteria,4,ventana balcón no cierra correctamente,"traba de ventana floja, sin ajustar","traba de ventana rota || traba de ventana floja, falta regular || pestillo trabado",se realizo ajuste en traba de ventana. Luego de arreglo se corroboro su correcto funcionamiento.
aberturas_carpinteria,4,puerta de ingreso no cierra correctamente,cerradura suelta – floja / tiene un solo tornillo.,falta atornillas cerradura || pestillo no ingresa de manera correcta en orificio marco || cerradura rota,"se procedió a realizar en cerradura dos remaches, de tal forma que la misma quede firme. Luego de arreglo se corroboro su correcto funcionamiento."
artefactos_accesorios,26,falta soporte de papel en portarrollos,posible retiro sin reposición / posible perdida,,se realizo provisión y colocación de soporte plástico en portarrollos. Se dejo el mismo en adecuadas condiciones de uso.
artefactos_accesorios,11,falta divisorio bajo mesada,posible retiro sin reposición / posible robo,posible retiro sin reposición,"se realizo provisión y colocación de divisorio bajo mesada, realizado en melamina color blanco 18mm"
artefactos_accesorios,7,falta espejo en baño,posible falta de provisión,posible falta de provisión / posible rotura del mismo || posible falta de provisión y/o rotura || falta de provisión,se realizo colocación de espejo mediante silicona adhesiva.
artefactos_accesorios,6,divisorio bajo mesada flojo,faltan soportes de sujeción.,,se realizo provisión y colocación de soportes faltantes en bajo mesada y se coloco nuevamente divisorio. Se dejo el mismo en adecuadas condiciones de uso.
artefactos_accesorios,5,faltan soportes de papel en portarrollos (2),posible retiro sin reposición / posible perdida,,se realizo provisión y colocación de soportes plásticos en portarrollos. Se dejo los mismos en adecuadas condiciones de uso.
artefactos_accesorios,5,falta colocar divisorio bajo mesada,faltan soportes de fijaciones en laterales,,se realizo colocación de soportes laterales y se coloco arriba divisorio de bajo mesada. Se dejo mueble en adecuadas condiciones.
artefactos_accesorios,3,falta colocar divisorio bajo mesada y alacena,faltan soportes de fijaciones en laterales,,se realizo colocación de soportes laterales de aluminio (pitutos) y se coloco arriba divisorio de bajo mesada y alacena. Se dejo mueble en adecuadas condiciones.
artefactos_accesorios,2,falta llave de paso en bajo mesada,posible falla al momento de realizar instalación de agua,,"se continua con trabajos pendientes. Se realizo cierre con concreto en cañería de bacha de cocina. Y se realizo colocación de bajo mesada con fondo reemplazado, cambiado por uno nuevo. Luego de instalación se corroboro su correcto funcionamiento y se dejo grifería sin perdidas"
artefactos_accesorios,2,falta soporte de papel en portarrollos en ambos baños,posible retiro sin reposición / posible perdida,,se realizo provisión y colocación de soportes plásticos en portarrollos. Se dejo los mismos en adecuadas condiciones de uso.
artefactos_accesorios,2,faltan accesorios en baño,falta de provisión de accesorios,posible retiro sin reposición / posible fala de provisión,se realizo entrega en mano de accesorios a propietario. Los mismos no se colocaron debido a que propietario tenia accesorios comprados por su cuenta
artefactos_accesorios,2,falta toallero,posible retiro sin reposición / posible desprendimiento,posible retiro sin reposición,se realizo provisión y colocación de toallero de losa cerámica blanca. Se coloco con silicona adhesiva. Se dejo en adecuadas condiciones.
artefactos_accesorios,2,conexión en bajo mesada con imperfecciones de terminación,posible falta de terminación en trabajo de origen,falta terminación final en arreglo realizado,se coloco masilla en perforación de mueble que presentaban imperfecciones. Posterior secado se dio terminación con esmalte sintético color blanco.
artefactos_accesorios,1,faltan tapas embellecedoras en llaves de paso bajomesada y calefón,posible retiro sin reposición,,se realizo colocación de tapas faltante en llaves de paso de bajo mesada y calefón
artefactos_accesorios,1,"falta toallero, jabonera y portarollo en baño",posible retiro sin reposición / posible retiro por rotura,,"se realizo provisión y colocación de toallero, jabonera y portarollo de loza cerámica blanca. Se adhirió los mismos con silicona adhesiva."
artefactos_accesorios,1,cajones de bajo mesada no deslizan de manera adecuada,falta regular herrajes de los mismos,,se retiro los mismos y se realizo regulación y calibración de los herrajes de deslizamientos. Luego de arreglo se corroboro su correcto funcionamiento.
ceramicos_pisos,12,cerámicos huecos en balcón,posible falla en colocación y/o pegamento / posible dilatación genero desprendimiento,,"se procedió a retirar cerámicas huecas. Se limpio superficie y se retiro de carpeta todo resto de pegamento existente. Ya preparada la superficie, se realizo provisión y colocación de nuevas piezas cerámicas con pegamento para cerámicos. Se finalizo trabajo con el tomado de junta correspondiente con pastina color símil existente."
ceramicos_pisos,11,cerámicos huecos en dormitorio (6),posible falla en colocación y/o pegamento / posible dilatación genero desprendimiento,posible caída-golpe de objetos en las mismas / posible falla en colocación y/o pegamento / posible dilatación genero desprendimiento || posible dilatación genero desprendimiento / posible falla en colocación,"se procedió a retirar cerámicas huecas. Se limpio superficie y se retiro de carpeta todo resto de pegamento existente. Ya preparada la superficie, se realizo provisión y colocación de nuevas piezas cerámicas con pegamento para cerámicos. Se finalizo trabajo con el tomado de junta correspondiente con pastina color símil existente."
ceramicos_pisos,11,cerámicos huecos en living,posible falla en colocación y/o pegamento / posible dilatación genero desprendimiento,,"se procedió a retirar cerámicas huecas. Se limpio superficie y se retiro de carpeta todo resto de pegamento existente. Ya preparada la superficie, se realizo provisión y colocación de nuevas piezas cerámicas con pegamento para cerámicos. Se finalizo trabajo con el tomado de junta correspondiente con pastina color símil existente."
ceramicos_pisos,5,cerámicos huecos en revestimiento baño,posible falla en colocación y/o pegamento / posible dilatación genero desprendimiento,,"se procedió a retirar cerámicas huecas. Se limpio superficie y se retiro de muro todo resto de pegamento existente. Ya preparada la superficie, se realizo provisión y colocación de nuevas piezas cerámicas con pegamento para cerámicos. Se finalizo trabajo con el tomado de junta correspondiente con pastina color símil existente."
ceramicos_pisos,5,cerámico roto en revestimiento baño,"cerámico con fisura, posible golpe",posible golpe de objetos en muro || posible golpe,"se procedió a retirar cerámico roto.. Se limpio superficie y se retiro todo resto de pegamento existente. Ya preparada la superficie, se realizo provisión y colocación de nueva pieza cerámica. Se finalizo trabajo con el tomado de junta correspondiente con pastina color símil existente."
ceramicos_pisos,4,"cerámicos rotos y huecos en estar, dormitorios, baño y pasillo",posible falla en colocación y/o pegamento / posible dilatación genero desprendimiento,,se continua con tareas de retiro de cerámicos en ambientes y también con colocación de los mismos en superficies ya preparadas de trabajo anterior. PENDIENTE TERMINACION
ceramicos_pisos,4,cerámicos rotos y huecos en estar (40),posible caída-golpe de objetos en las mismas / posible falla en colocación y/o pegamento / posible dilatación genero desprendimiento,posible falla en colocación y/o pegamento / posible dilatación genero desprendimiento,"se procedió a retirar todas las cerámicas huecas y rotas. Se limpio superficie y se retiro de carpeta todo resto de pegamento existente. Ya preparada la superficie, se realizo provisión y colocación de nuevas piezas cerámicas. Se finalizo trabajo con el tomado de junta correspondiente con pastina color símil existente."
ceramicos_pisos,4,Cerámicos dañados,Posible falla en colocación y/o pegamento / posible dilatación genero desprendimiento,,"Se retiraron dos cerámicas y tres zócalos dañados en living-comedor, se limpió la superficie y se recolocaron con su respectivo pastinado."
ceramicos_pisos,3,cerámicos huecos en revestimiento cocina,posible falla en colocación y/o pegamento / posible dilatación genero desprendimiento,,se continua con trabajos pendientes. Se ingreso a lijar y dar terminación de pintura con látex para interior color blanco en superficie que presentaban manchas de pegamento debido a cambio de cerámicos en revestimiento
ceramicos_pisos,3,cerámicos huecos en comedor y pasillo,posible falla en colocación y/o pegamento / posible dilatación genero desprendimiento,,"se procedió a retirar cerámicas huecas. Se limpio superficie y se retiro de carpeta todo resto de pegamento existente. Ya preparada la superficie, se realizo provisión y colocación de nuevas piezas cerámicas con pegamento para cerámicos. Se finalizo trabajo con el tomado de junta correspondiente con pastina color símil existente."
ceramicos_pisos,3,cerámicos rotos y huecos en dormitorio,posible caída-golpe de objetos en las mismas / posible falla en colocación y/o pegamento / posible dilatación genero desprendimiento,posible falla en colocación y/o pegamento / posible dilatación genero desprendimiento,"se procedió a retirar todas las cerámicas huecas y rotas. Se limpio superficie y se retiro de carpeta todo resto de pegamento existente. Ya preparada la superficie, se realizo provisión y colocación de nuevas piezas cerámicas. Se finalizo trabajo con el tomado de junta correspondiente con pastina color símil existente."
ceramicos_pisos,3,cerámicos rotos y huecos en estar y dormitorio,posible falla en colocación y/o pegamento / posible dilatación genero desprendimiento,,se procedió a retirar todas las cerámicas huecas y rotas. Se limpio superficie y se retiro de carpeta parte de pegamento existente. PENDIENTE TERMINACION.
ceramicos_pisos,3,cerámicos rotos (4),posible caída-golpe de objetos en las mismas,posible caída de objeto sobre los mismos,"se procedió a retirar cerámicas rotas. Se limpio superficie y se retiro de carpeta todo resto de pegamento existente. Ya preparada la superficie, se realizo provisión y colocación de nuevas piezas cerámicas. Se finalizo trabajo con el tomado de junta correspondiente con pastina color símil existente."
ceramicos_pisos,3,cerámicos huecos en estar (10),posible falla en colocación y/o pegamento / posible dilatación genero desprendimiento,,"se procedió a retirar todas las cerámicas huecas y rotas. Se limpio superficie y se retiro de carpeta todo resto de pegamento existente. Ya preparada la superficie, se realizo provisión y colocación de nuevas piezas cerámicas. Se finalizo trabajo con el tomado de junta correspondiente con pastina color símil existente."
ceramicos_pisos,3,cerámicos rotos y huecos en balcón,posible caída-golpe de objetos en las mismas / posible falla en colocación y/o pegamento / posible dilatación genero desprendimiento,posible falla en colocación y/o pegamento / posible dilatación genero desprendimiento,"se procedió a retirar todas las cerámicas huecas y rotas de balcon. Se limpio superficie y se retiro de carpeta todo resto de pegamento existente. Ya preparada la superficie, se coloco tacuru y se realizo provisión y colocación de nuevas piezas cerámicas, tanto de zócalos como piso. Se finalizo trabajo con el tomado de junta correspondiente con pastina color símil existente y con retoques de pintura con revestimiento plástico color símil existente en unión de zócalos con muros"
electricidad,35,anular tomacorrientes atrás de cocina,posible cortocircuito producido por calor – calentamiento horno,posible cortocircuito producido por calor – calentamiento artefacto cocina,se procedió a retirar tomacorrientes y anular conexión existente. Se aislaron cables correspondientes con cinta aisladora y se coloco tapa ciega en caja.
electricidad,24,faltan tapas ciegas en cajas de señales débiles,posible retiro sin reposición,posible retiro sin reposición / posible falta de provisión al momento de instalación || posible retiro sin reposición / posible falta de provisión,se realizo provisión y colocación de 4 tapas ciegas en cajas de señales débiles
electricidad,11,falta tapa ciega en caja de señales débiles,posible retiro sin reposición,posible arreglo sin reposición de la misma || posible retiro sin reposición / posible falta de provisión al momento de instalación || -,se realizo colocación de tapa ciega en caja de señales débiles.
electricidad,8,timbre no funciona,"timbre dañado, roto, con tecla pulsador con falla","cable negativo tenia corriente, y eso genera que no funcione || bobina quemada || falla en conexión, cables invertidos con tecla de luz exterior",se realizo cambio e instalación de timbre nuevo en unidad. También se realizo cambio de tecla pulsador. Se dejo el mismo en adecuadas condiciones de uso.
electricidad,8,falta sondeo de señales débiles,no hay sondeo de señales débiles,cañería obstruida || cañería de señales débiles sin hilo testigo,"se procedió a realizar sondeo de señales débiles, se dejo hilo testigo desde living comedor hacia montante."
electricidad,6,tapa de tablero eléctrica suelta,tornillos sin ajustar,falta tornillo,se realizo ajuste de tornillos en tablero eléctrico dejando el mismo en adecuadas condiciones
electricidad,6,local sin suministro eléctrico,falta conexión de tablero a medidor,,"se realizo conexión de cables desconectados desde tablero a medidor. Se empalmaron y aislaron con cinta aisladora. Lugo de instalación se corroboro el correcto funcionamiento, dejando local con suministro energético."
electricidad,5,corroborar funcionamiento de persianas eléctricas,tarea de mantenimiento,,"se puso en funcionamiento persiana eléctrica de ingreso en local, no observando ninguna falla en el sistema. Las mismas funcionan correctamente"
electricidad,4,falta colocar tapa de tablero eléctrico,posible retiro para arreglo sin reposición,posible mala fuerza y/o falla en colocación provoco desprendimiento y caída. || posible mala fuerza genero desprendimiento,"se realizo colocación de tapa de tablero, se ajusto tornillos correspondientes y se dejo la misma en adecuadas condiciones."
electricidad,4,portero eléctrico no funciona,falla en sistema interno,posible falla en sistema interno || portero no conectado en planta baja || problema en instalación en pallier de ingreso,"se necesita resetear portero eléctrico, dicho arreglo corresponde a administración del edificio"
electricidad,3,faltan tapas plásticas en módulos de tomacorrientes y teclas de iluminación.,posible retiro en etapa de pintura sin reposición,,se realizo colocación de 29 tapas plásticas faltantes en módulos de electricidad.
electricidad,3,falta tapa plástica en tablero eléctrico,posible retiro sin reposición,,PENDIENTE por falta de stock
electricidad,3,faltan módulos ciegos y tapa en tomas de iluminación,posible retiro sin reposición,,"se realizo colocación de módulos faltantes en tomas de iluminación, dejando los mismos en adecuadas condiciones"
electricidad,3,local sin iluminación,falta conexión en tablero eléctrico,falla en conexión- instalación existente,se realizo colocación e instalación de llaves térmicas en tablero. Se dejo local con suministro de energía eléctrica
electricidad,3,falta tablero eléctrico,posible falta de provisión / posible retiro sin reposición,falta de provisión al momento de instalación eléctrica,"se realizo colocación tablero eléctrico, se instalo en el mismo disyuntor diferencial y llave térmica con su correspondiente cableado. Se cableo circuito de iluminación y se coloco 1 punto en lavadero y 1 punto en bañao. Luego de instalación se corroboro su correcto funcionamiento, dejando local con suministro eléctrico."
fisuras_pintura,14,fisuras en muros interiores,posible dilatación de materiales,,se procedió a abrir fisuras existentes y se coloco yeso y enduido. Posterior secado y lijado se dio terminación final con látex para interior color blanco.
fisuras_pintura,11,imperfecciones de pintura en muros interiores,posible manchas por falta de mantenimiento y/o trabajos realizados en unidad,"manchas debido a trabajos realizados en interior de unidad || posible filtración ya reparadas, manchas secas || posible manchas por falta de mantenimiento / posible falta de terminación en trabajo realizado anteriormente",se procedió a realizar trabajo de pintura en muros que presentaban manchas / suciedad / imperfecciones con látex para interior color blanco.
fisuras_pintura,11,Fisuras en muro balcón,posible dilatación de materiales,posible dilatación de materiales genero fisura,"se realizo sellado en fisuras existentes. Posterior secado, se finalizo superficie tratada con revestimiento plástico texturado y látex para exterior color símil existente."
fisuras_pintura,7,imperfecciones de pintura en muros dormitorio,posible manchas por falta de mantenimiento / posible falta de terminación en trabajo realizado anteriormente,posible falta de terminación en trabajo realizado anteriormente || manchas generadas por trabajos realizados en retiro y colocación de pisos de habitación. || posible manchas por falta de mantenimiento y/o trabajos en interior / posible falta de terminación,se procedió a realizar trabajo de pintura en muros que presentaban manchas / suciedad / imperfecciones con látex para interior color blanco.
fisuras_pintura,5,falta pintar muro dormitorio,trabajo anterior sin terminación,,se lijo superficie tratada anteriormente con yeso y enduido y se realizo trabajo de pintura con látex para interior color blanco.
fisuras_pintura,5,fisuras en muro dormitorio,posible dilatación de materiales,,se procedió a abrir fisura existente y se coloco yeso y enduido. Posterior secado y lijado se dio terminación final con látex para interior color blanco.
fisuras_pintura,5,imperfecciones de pintura en muro dormitorio,posible manchas por falta de mantenimiento / posible falta de terminación en trabajo realizado anteriormente,posible mancha por falta de mantenimiento / posible falta de terminación en trabajo realizado anteriormente || posible mancha por falta de terminación en trabajo realizado anteriormente || posible mancha por falta de mantenimiento y/o por trabajo realizado en interior de unidad,se procedió a realizar trabajo de pintura en muro que presentaba mancha / suciedad / imperfección con látex para interior color blanco.
fisuras_pintura,5,imperfecciones de pintura en muros,posible manchas por falta de mantenimiento / posible falta de terminación en trabajo realizado anteriormente,posible manchas por falta de mantenimiento y/o causadas por trabajos realizados en unidad || manchas generadas debido a trabajo realizado en cambio de piso cerámico,se procedió a realizar trabajo de pintura en muros que presentaban manchas / suciedad / imperfecciones con látex para interior color blanco.
fisuras_pintura,4,fisura en muro interior,posible dilatación de materiales,,se procedió a abrir fisura existente y se coloco yeso y enduido. Posterior secado y lijado se dio terminación final con látex para interior color blanco.
fisuras_pintura,3,falta pintar cielorraso baño,trabajo anterior sin terminación,,"se lijo superficie tratada anteriormente con yeso y enduido y se realizo trabajo de pintura con látex para interior color blanco. Se realizo pintura solo en cielorraso, en muro no, debido a que propietario manifiesto que se colocaran placas antihumedad."
fisuras_pintura,3,fisuras en muros balcón,posible dilatación de materiales,,se sello fisuras con poximix. PENDIENTE TERMINACION
fisuras_pintura,3,imperfecciones de pintura en muro pasillo,manchas generadas por trabajos realizados en cambio de solado,posible manchas por falta de mantenimiento / posible falta de terminación en trabajo realizado anteriormente || posible manchas por falta de mantenimiento y/o cuidado,"se procedió a lijar y a realizar trabajo de pintura en muro que presentaba manchas / suciedad / imperfecciones con látex para interior color blanco en paño completo, con dos manos de pintura."
fisuras_pintura,3,fisuras en muros dormitorios,posible dilatación de materiales,,se procedió a abrir fisuras existentes y se coloco yeso y enduido. Posterior secado y lijado se dio terminación final con látex para interior color blanco.
fisuras_pintura,3,fisura en muro balcón,posible dilatación de materiales,,se procedió a retirar con espátula todo desprendimiento de revoque y se sello con concreto nuevamente. Posterior secado y lijado se dio terminación final con revestimiento plástico color símil existente solo en superficie tratada.
fisuras_pintura,3,"Fisuras y desprendimiento de revoque en muro balcón, sector anclaje baranda",posible dilatación de materiales genero fisuras y posterior desprendimiento,posible dilatación de materiales genero fisuras,"se procedió a retirar todo desprendimiento de pintura y revoque y se realizo nueva terminación con concreto. Posterior secado, se finalizo superficie tratada con revestimiento plástico texturado color símil existente."
humedad_filtracion,41,humedad en muro dormitorio,posible filtración por carpintería,filtración en bañera provoca humedad en muro || filtración por cañería interna || posible filtración por unidad vecina,se procedió a retirar con espátula todo desprendimiento de pintura y se coloco yeso y enduido. Posterior secado y lijado se dio terminación final con látex para interior color blanco.
humedad_filtracion,37,mancha humedad en cielorraso baño,posible filtración ya reparada / mancha seca,posible filtración ya reparada – mancha seca || posible filtración ya reparada – mancha seca / no se detectaron en visitas filtraciones || filtración por nivel superior,se procedió a retirar con espátula todo desprendimiento de pintura y se coloco yeso y enduido. Posterior secado y lijado se dio terminación final con látex para interior antihumedad color blanco.
humedad_filtracion,26,humedad en muro pasillo,filtración en bañera provoca humedad en muro,"filtración por cañería interior || posible filtración ya reparada || filtración por cañería interior ya reparada, mancha seca","se retiro sellado de bañera existente y se coloco, en perímetro silicona impermeabilizante nueva color blanca. En muro de pasillo, se procedió a retirar con espátula todo desprendimiento de pintura y se coloco yeso y enduido. Posterior secado y lijado se dio terminación final con látex para interior color blanco."
humedad_filtracion,24,cielorraso baño con humedad,filtración por unidad superior,"filtración por unidad superior ya reparada || filtración por unidad superior ya reparada, mancha seca || filtración por desagüe de bañera superior (codo suelto)","se procedió a retirar cielorraso dañado y se procedió a colocar placa de yeso en cielorraso. Se atornillo la misma a perfilería existente. Se coloco yeso y enduido. Posterior secado y lijado, se dio terminación final con látex para interior para cielorrasos color blanco en paño completo con dos manos de pintura."
humedad_filtracion,23,humedad en cielorraso baño,filtración por unidad superior,filtración por artefactos sanitarios de unidad superior || filtración por bidet de unidad superior || filtración por inodoro de unidad superior,se continua con trabajos pendientes. Se realizo cierre de cielorraso con placa de yeso y se coloco yeso y enduido. Posterior secado y lijado se dio terminación con una primera mano de esmalte sintético blanco y luego con látex para interior color blanco.
humedad_filtracion,23,humedad en muro interior,"posible filtración ya reparada, mancha seca",posible filtración por carpintería || posible filtración por fisuras en exterior || cañería de desagüe de A°A° con perdidas de agua,se procedió a retirar con espátula todo desprendimiento de pintura y se coloco yeso y enduido. Posterior secado y lijado se dio terminación final con látex para interior color blanco.
humedad_filtracion,22,filtración a unidades inferiores por cubierta techos,posible filtración por desagües pluviales,,"se procedió a retirar rejillas de desagües pluviales, luego dados de hormigón y dejar sector alrededor libre de tierra y manta. Se realizo colocación de parche con rollo de membrana en dicho sector y se realizo prueba hidráulica por 24hs. Luego de prueba se realizo desagote en desagües pluviales."
humedad_filtracion,17,humedad en muros interiores,posible filtración por carpintería,posible filtración por fisuras en muro terraza y/o carpintería || posible falla constructiva a nivel de capa aisladora / posible filtración por carpintería || posible filtración por carpintería y/o zócalo,se procedió a retirar con espátula todo desprendimiento de pintura y se coloco yeso y enduido. Posterior secado y lijado se dio terminación final con látex para interior color blanco.
humedad_filtracion,13,humedad en muro living,posible filtración por carpintería,"filtración por muro exterior || posible filtración ya reparada, mancha seca || filtración por carpintería",se retiro todo desprendimiento de pintura y se coloco yeso y enduido. PENDIENTE TERMINACION
humedad_filtracion,11,mancha humedad en cielorraso cocina,posible filtración ya reparada / mancha seca,"posible filtración ya reparada, mancha seca || posible filtración superior ya reparada, mancha seca || filtración por pileta de patio de baño",se procedió a retirar con espátula todo desprendimiento de pintura y se coloco yeso y enduido. Posterior secado y lijado se dio terminación final con látex para interior antihumedad color blanco.
humedad_filtracion,10,humedad en muro comedor,posible filtración por carpintería,cañería de desagüe A°A° rota || posible filtración en bañera y grifería provoca humedad en muro || posible filtración por cañería interna ya reparada,se procedió a retirar con espátula todo desprendimiento de pintura y se coloco yeso y enduido. Posterior secado y lijado se dio terminación final con látex para interior color blanco.
humedad_filtracion,9,mancha humedad en muro dormitorio,"posible filtración ya reparada, mancha seca",posible filtración ya reparada / mancha seca || posible filtración por carpintería || posible filtración ya reparada,se procedió a lijar superficie con imperfección y se coloco yeso y enduido. Posterior secado y lijado se dio terminación final con látex para interior color blanco.
humedad_filtracion,8,humedad en muro lavadero,"posible filtración ya reparada, mancha seca",posible filtración por carpintería || filtración por desagüe lavarropa en muro || prolongador con falla en conexión genera filtración,se procedió a retirar con espátula todo desprendimiento de pintura y se coloco yeso y enduido. Posterior secado y lijado se dio terminación final con látex para interior color blanco.
humedad_filtracion,7,humedad en muro pasillo y dormitorio,filtración en bañera provoca humedad en muro,"caño de agua caliente en lavatorio perforado || posible filtración por baño ya reparada, manchas secas",se continua con tareas pendientes. Se lijo superficie tratada con yeso y enduido anteriormente y se realizo trabajo de pintura con látex para interior color blanco.
humedad_filtracion,7,humedad y fisuras en muros interiores,posible falla constructiva a nivel de capa aisladora / posible filtración por carpintería / fisuras por posible dilatación de materiales,posible filtración por nivel superior ya reparada/ fisura por posible dilatación de materiales || posible filtración por carpintería y/o ventilación/ fisuras por posible dilatación de materiales || posible filtración por cañería interna / fisuras por posible dilatación de materiales,"se procedió a retirar con espátula todo desprendimiento de pintura y se coloco yeso y enduido, tanto en manchas de humedad como en fisuras. Posterior secado y lijado, se dio terminación final con látex para interior color blanco."
limpieza_otros,21,limpieza de unidad,tarea de mantenimiento,,"se procedió a realizar limpieza de unidad, retirando todo resto de basura o presencia de material de obra. Dejando la misma en condiciones para su entrega."
limpieza_otros,4,limpieza de local,tarea de mantenimiento,,"se procedió a realizar limpieza de unidad, retirando todo resto de basura o presencia de material de obra."
limpieza_otros,2,balcón con excremento de palomas,falta de mantenimiento,,"se realizo limpieza de balcón, tanto en muros, solado y calefón, retirando todo restos de excremento de palomas. Se dejo espacio en adecuadas condiciones de uso."
limpieza_otros,2,balcón sucio,falta de mantenimiento,balcón con excremento de palomas / falta de mantenimiento.,"se realizo limpieza de piso cerámico de balcón, retirando de el y de pileta de desagüe pluvial, todo restos de excremento de palomas y basura que se encontraban en ellos. Se dejo balcón en adecuadas condiciones de uso."
limpieza_otros,1,local con basura / sucio,posible falta mantenimiento,,se realizo limpieza de local dejando el mismo en adecuadas condiciones.
limpieza_otros,1,local sucio / deposito,local con uso de deposito,,"se realizo limpieza de local, retirando del interior del mismo todo restos de elementos, objetos y basura que se encontraban en el mismo. Se dejo local limpio y en adecuadas condiciones."
limpieza_otros,1,limpieza de balcón,tarea de mantenimiento,,"se procedió a realizar limpieza de balcón, retirando todo resto de tierra y basura."
limpieza_otros,1,balcón y calefón con excrementos de paloma,falta de terminación de limpieza en trabajo anterior.,,se realizo limpieza de piso balcón con cepillo y agua. También se realizo limpieza de calefón dejando artefacto en adecuadas condiciones de uso.
limpieza_otros,1,balcón y calefón sucios,excremento de palomas en los mismos / falta de mantenimiento.,,se realizo limpieza tanto en solado de balcón como en calefón limpieza de los mismos. Se dejo balcón en adecuadas condiciones de uso.
limpieza_otros,1,"limpiar, retirar basura de bañadera",falta de terminación final en trabajo anterior,,"se realizo limpieza de bañera, retirando de ella todo resto de basura y restos de obra que se encontraban en su interior. Se dejo la misma en adecuadas condiciones"
limpieza_otros,1,living y balcón con excremento de paloma,"falta de mantenimiento, limpieza de unidad",,"se realizo limpieza de unidad, en balcón y living, retirando de ellos todo resto de excremento de palomas. También se realizo limpieza de calefón, dejando artefacto y espacios, en adecuadas condiciones de uso."
limpieza_otros,1,falta limpieza de local,tarea de mantenimiento,,se realizo limpieza y se ordeno interior de local. Se dejo el mismo en adecuadas condiciones.
otros,83,Falta kit de cocina,unidad funcional sin kit de cocina.,no se realizo a unidad entrega de kit de cocina || falta entrega de kit de cocina,"se realizo entrega de kit de cocina en mano a propietario, firmando acta de conformidad."
otros,19,falta tirador en vanitory,posible retiro sin reposición,,se realizo colocación de tirador faltante en mueble vanitoy. Se dejo el mismo en adecuadas condiciones de uso.
otros,10,Impermeabilización de cubierta,membrana y sellado existente deteriorado / posible falta de mantenimiento / posible filtración en interior de viviendas,"posible filtración en interior de viviendas || posible filtración en interior de vivienda por tomado de juntas || membrana en canaletas y cenefas deteriorada, con fisuras / genera filtración en nivel inferior.","se procedió a realizar limpieza de cubierta y a retirar sellador deteriorado en zingueria, luego se realizo trabajo de impermeabilización con membrana liquida color blanco y venda en unión de chapa con parapeto, y se coloco sellador y espuma poliuretanica en uniones de zinguera, chapa lisa, con muro."
otros,9,falta sellado en carpintería,posible filtración en interior por falta de sellado,posible falla al momento de colocación / posible filtración en interior por falta de sellado,se realizo colocación de silicona transparente en exterior de carpintería de dormitorios y estar.
otros,8,calefón se apaga,cañería con aire / falta purgar,"cañería con aire, falta purgar || falla en termostato mal colocado || falta regular presión de agua",se procedió a desarmar artefacto y se purgo cañería. Se armo nuevamente y se dejo artefacto en adecuadas condiciones de uso.
otros,8,calefón no funciona correctamente,perilla de encendido se traba,"flexible con perdida, roto || artefacto pinchado || cañería con aire, falta purgar",se realizo ajuste en perilla y se dejo artefacto en adecuadas condiciones de uso.
otros,6,calefón no enciende,falla en botón de encendido,piloto con falla || cañería sin presión de agua || termocupla obstruida,se procedió a desarmar artefacto y se coloco de manera adecuada conexión de botón de encendido en donde se encontraba la falla. Luego de arreglo se corroboro su correcto funcionamiento dejando artefacto en perfectas condiciones de uso.
otros,6,perdida de gas en calefactor,caño pinchado y muy cerca de conducto ventilación,"flexible de alimentación flojo, falta ajustar || flexible de alimentación flojo. || cañería de conexión floja, falta ajustar","se pico muro hasta tener llegada a cañería, en donde se cambio cao dañado. La nueva conexión se realizo mas arriba de la existente debido a que se encontraba muy cerca de conducto de ventilación. Luego se cerro muro con concreto. Posterior secado, se coloco yeso y enduido. Posterior secado y lijado se dio terminación final con látex para interior color blanco. Se finalizo trabajo con instalación de artefacto dejando el mismo en adecuadas condiciones de uso y sin perdidas."
otros,5,lavarropa no ingresa en nicho destinado para tal fin,falla constructiva en espacio destinado para tal fin,falla constructiva en espacio destinado para artefacto,"se procedió a picar muro, retirando aproximadamente 7cm de espesor. Se revoco luego superficie tratada. PENDIENTE TERMINACION"
otros,5,perdida de gas en cocina,"flexible roto, dañado",flexible conexión flojo || fallas de ajuste en termocuplas || falta orring en flexible de conexión,"se realizo cambio de flexible de conexión. Luego de colocación, se corroboro su correcto funcionamiento, dejando artefacto sin perdidas de gas."
otros,5,cerrar perforación en montante cocina,perforación realizada para verificar perdida de agua en cañería,perforación realizada para verificación de perdidas en cañería,"se realizo cierre de perforación en muro con ladrillo cerámico hueco y concreto. Posterior secado, se coloco yeso y enduido. Luego de secado y lijado, se dio terminación final con látex para interior color blanco."
otros,5,calefactor se apaga,conducto de ventilación mal colocado,- || falta regular conducto de ventilación y termocupla || falta regulación,"se retiro artefacto y se realizo colocación de manera adecuada de conducto de ventilación. Se volvió a instalar artefacto y se corroboro su correcto funcionamiento, dejando el mismo en adecuadas condiciones de uso."
otros,4,cerrar perforación en cielorraso,retiro de cielorraso para verificación de perdida en cañería en trabajo anterior,retiro de cielorraso para arreglo y/o verificación de perdida en cañería || retiro de cielorraso para verificar filtración || retiro de cielorraso para arreglo en pileta de patio de unidad superior,se procedió a colocar placa de yeso en cielorraso. Se atornillo la misma a perfilería existente. Se coloco yeso y enduido. PENDIENTE TERMINACION
otros,4,calefón no funciona de manera adecuada,"flexible y sistema de encendido, rotos",flexible obstruido con material no permite el paso de agua || flexible obstruido / poca presión,se realizo cambio de flexible en artefacto. PENDIENTE REPARACION de sistema de encendido.
otros,4,sellado de carpintería deteriorado,"posible deterioro por condiciones climáticas, posible falta de mantenimiento. Posible falla en calidad del producto usado.","posible deterioro por condiciones climáticas, posible falta de mantenimiento..","se retiro sellado de carpintería existente y se coloco, en perímetro exterior de carpintería, silicona impermeabilizante nueva color blanca."
plomeria_desagues,32,perdida de agua en bidet,flexible de ducha de bidet roto,vástago de agua fría dañado || flexible de ducha de bidet roto y orring de desagüe deteriorado || flexible suelto en ducha de bidet.,se realizo provisión y colocación de nuevo flexible en bidet. Luego de instalación se corroboro su correcto funcionamiento. Se finalizo trabajo con el sellado en base de artefacto con silicona impermeabilizante color blanco.
plomeria_desagues,19,perdida de agua en lavatorio,filtración de agua por flexibles y codo de conexión,flexible roto - partido || orring deteriorado en mezcladora de grifería || filtración de agua por flexibles,"se realizo cambio de flexibles en lavatorio y de codo en conexión de alimentación. Se colocó y sello los mismos, posterior arreglo se corroboro su correcto funcionamiento, dejando artefacto en adecuadas condiciones de uso."
plomeria_desagues,18,cañería señales débiles obstruida,cañería tapada,cañería obstruida con restos de obra || posible obstrucción con restos de obra || posible obstrucción no reparada de manera adecuada,se realizo pase de cinta pasa cables desde caja en pasilla hacia montante. se dejo hilo guía para instalación de internet
plomeria_desagues,17,sellado de bañera deteriorado,posible falta de mantenimiento. Posible deterioro por el propio paso del tiempo,posible deterioro por falta de mantenimiento y/o por el propio paso del tiempo || posible deterioro por falta de mantenimiento. Posible falla en calidad del producto usado. || posible filtración a unidad inferior,"se retiro sellado existente y se coloco, en perímetro de bañera, silicona impermeabilizante nueva color blanca."
plomeria_desagues,15,esmalte de bañera saltado / con oxido,"posible caída de objeto sobre la misma, posible falta de mantenimiento.","posible caída de objeto sobre la misma, posible falta de mantenimiento, cuidado.","se procedió a lijar superficie con imperfección, se coloco masilla, y posterior secado y lijado, se dio terminación final con pintura epoxi en aerosol color blanco."
plomeria_desagues,12,cañería de señales débiles obstruida,cañería obstruida,cañería tapada sin lograr desobstruir la misma || tarea de verificación || cañería con posible obstrucción de materiales de obra y/o falla en empalmes que no permiten el paso de cables,se realizo nueva cañería aérea de señales débiles mediante cañería de pvc. Se realizo cañería desde boca en cielorraso pasillo hacia interior de vivienda en living. PENDIENTE TERMINACION.
plomeria_desagues,12,mochila inodoro no carga correctamente,falta regular flotante,,Se realizo regulación de flotante en mochila de inodoro. Se realizo ajuste en botón de descarga y se dejo artefacto en adecuadas condiciones de uso.
plomeria_desagues,11,pileta de patio baño tapada,pileta de patio obstruida con basura,pileta de patio obstruida con basura. || pileta de patio obstruida con restos de materiales de obra/basura. || pileta de patio obstruida con basura / genera filtración en uf 360,"se procedió a realizar limpieza en pileta de patio, retirando de interior de la misma todo restos de basura que se encontraban en ella. Luego de limpieza se corroboro su correcto funcionamiento."
plomeria_desagues,10,grifería cocina floja,falta ajustar grifería y flexibles,grifería sin ajustar tuercas.,se realizo colocación de manera adecuada de grifería. Se ajusto grifería y flexibles dejando la misma en adecuadas condiciones de uso.
plomeria_desagues,10,esmalte de bañera saltado,"posible caída de objeto sobre la misma, posible falta de mantenimiento.",posible caída de objeto sobre la misma,"se procedió a lijar superficie con imperfección, se coloco masilla, y posterior secado y lijado, se dio terminación final con pintura epoxi en aerosol color blanco."
plomeria_desagues,9,falta tapa en muro de desagüe A°A°,posible falta de provisión,,se realizo colocación de tapa plástica en desagüe de A°A°
plomeria_desagues,8,perdida de agua en grifería ducha,falta sellado en unión de grifería con muro,"media unión de conexión floja || orring de grifería deteriorados, dañados || grifería sin sellado y floja",se coloco silicona impermeabilizante blanca en perímetro de grifería. Luego de arreglo se corroboro su correcto funcionamiento dejando la misma sin perdida.
plomeria_desagues,8,falta tapa inodoro,posible retiro sin reposición / posible robo,posible retiro sin reposición || posible retiro sin reposición / posible robo / posible retiro por rotura || posible retiro sin reposición / posible retiro por rotura,se realizo colocación de tapa plástica faltante en inodoro. Se ajustaron tornillos y se dejo artefacto en adecuadas condiciones de uso.
plomeria_desagues,8,perdida de agua en inodoro,flexible roto,base de desagüe sin sellado ni aro de goma || filtración por tornillo de mochila inodoro || flexible roto.,se realizo cambio en flexible de inodoro. Se coloco y sello el mismo con sellarosca. Luego de colocación se corroboro el correcto funcionamiento dejando artefacto sin perdidas.
plomeria_desagues,7,perdida de agua en calefón,cañería rota,orring deteriorado || filtración por flexible y diafragma || falla en sellado de unión de flexible con cañería.,"se procedió a desarmar artefacto, y se realizo colocación de nuevo orring en flexible de ingreso de agua fría. Luego de arreglo, se armo nuevamente y se corroboro su correcto funcionamiento."
