uf,nucleo,piso,unidad,etiqueta_residente
2222,15-1,1,B,Núcleo 15-1 · 1° piso · Depto B
2223,15-1,1,A,Núcleo 15-1 · 1° piso · Depto A
2224,15-1,1,D,Núcleo 15-1 · 1° piso · Depto D
2225,15-2,1,C,Núcleo 15-2 · 1° piso · Depto C
2226,15-2,1,B,Núcleo 15-2 · 1° piso · Depto B
2227,15-3,1,A,Núcleo 15-3 · 1° piso · Depto A
2228,15-3,1,B,Núcleo 15-3 · 1° piso · Depto B
2229,15-3,1,C,Núcleo 15-3 · 1° piso · Depto C
2230,15-1,1,C,Núcleo 15-1 · 1° piso · Depto C
2231,15-2,1,D,Núcleo 15-2 · 1° piso · Depto D
2232,15-2,1,E,Núcleo 15-2 · 1° piso · Depto E
2233,15-3,1,E,Núcleo 15-3 · 1° piso · Depto E
2234,15-3,1,D,Núcleo 15-3 · 1° piso · Depto D
2235,15-1,2,C,Núcleo 15-1 · 2° piso · Depto C
2236,15-1,2,B,Núcleo 15-1 · 2° piso · Depto B
2237,15-1,2,A,Núcleo 15-1 · 2° piso · Depto A
2238,15-1,2,F,Núcleo 15-1 · 2° piso · Depto F
2239,15-2,2,C,Núcleo 15-2 · 2° piso · Depto C
2240,15-2,2,B,Núcleo 15-2 · 2° piso · Depto B
2241,15-2,2,A,Núcleo 15-2 · 2° piso · Depto A
2242,15-3,2,A,Núcleo 15-3 · 2° piso · Depto A
2243,15-3,2,B,Núcleo 15-3 · 2° piso · Depto B
2244,15-3,2,C,Núcleo 15-3 · 2° piso · Depto C
2245,15-1,2,D,Núcleo 15-1 · 2° piso · Depto D
2246,15-1,2,E,Núcleo 15-1 · 2° piso · Depto E
2247,15-2,2,D,Núcleo 15-2 · 2° piso · Depto D
2248,15-2,2,E,Núcleo 15-2 · 2° piso · Depto E
2249,15-2,2,F,Núcleo 15-2 · 2° piso · Depto F
2250,15-3,2,F,Núcleo 15-3 · 2° piso · Depto F
2251,15-3,2,E,Núcleo 15-3 · 2° piso · Depto E
2252,15-3,2,D,Núcleo 15-3 · 2° piso · Depto D
2253,15-1,3,C,Núcleo 15-1 · 3° piso · Depto C
2254,15-1,3,B,Núcleo 15-1 · 3° piso · Depto B
2255,15-1,3,A,Núcleo 15-1 · 3° piso · Depto A
2256,15-1,3,F,Núcleo 15-1 · 3° piso · Depto F
2257,15-2,3,C,Núcleo 15-2 · 3° piso · Depto C
2258,15-2,3,B,Núcleo 15-2 · 3° piso · Depto B
2259,15-2,3,A,Núcleo 15-2 · 3° piso · Depto A
2260,15-3,3,A,Núcleo 15-3 · 3° piso · Depto A
2261,15-3,3,B,Núcleo 15-3 · 3° piso · Depto B
2262,15-3,3,C,Núcleo 15-3 · 3° piso · Depto C
2263,15-1,3,D,Núcleo 15-1 · 3° piso · Depto D
2264,15-1,3,E,Núcleo 15-1 · 3° piso · Depto E
2265,15-2,3,D,Núcleo 15-2 · 3° piso · Depto D
2266,15-2,3,E,Núcleo 15-2 · 3° piso · Depto E
2267,15-2,3,F,Núcleo 15-2 · 3° piso · Depto F
2268,15-3,3,F,Núcleo 15-3 · 3° piso · Depto F
2269,15-3,3,E,Núcleo 15-3 · 3° piso · Depto E
2270,15-3,3,D,Núcleo 15-3 · 3° piso · Depto D
2271,15-1,4,C,Núcleo 15-1 · 4° piso · Depto C
2272,15-1,4,B,Núcleo 15-1 · 4° piso · Depto B
2273,15-1,4,A,Núcleo 15-1 · 4° piso · Depto A
2274,15-1,4,F,Núcleo 15-1 · 4° piso · Depto F
2275,15-2,4,C,Núcleo 15-2 · 4° piso · Depto C
2276,15-2,4,B,Núcleo 15-2 · 4° piso · Depto B
2277,15-2,4,A,Núcleo 15-2 · 4° piso · Depto A
2278,15-3,4,A,Núcleo 15-3 · 4° piso · Depto A
2279,15-3,4,B,Núcleo 15-3 · 4° piso · Depto B
2280,15-3,4,C,Núcleo 15-3 · 4° piso · Depto C
2281,15-1,4,D,Núcleo 15-1 · 4° piso · Depto D
2282,15-1,4,E,Núcleo 15-1 · 4° piso · Depto E
2283,15-2,4,D,Núcleo 15-2 · 4° piso · Depto D
2284,15-2,4,E,Núcleo 15-2 · 4° piso · Depto E
2285,15-2,4,F,Núcleo 15-2 · 4° piso · Depto F
2286,15-3,4,F,Núcleo 15-3 · 4° piso · Depto F
2287,15-3,4,E,Núcleo 15-3 · 4° piso · Depto E
2288,15-3,4,D,Núcleo 15-3 · 4° piso · Depto D
2289,15-1,5,C,Núcleo 15-1 · 5° piso · Depto C
2290,15-1,5,B,Núcleo 15-1 · 5° piso · Depto B
2291,15-1,5,A,Núcleo 15-1 · 5° piso · Depto A
2292,15-1,5,F,Núcleo 15-1 · 5° piso · Depto F
2293,15-2,5,C,Núcleo 15-2 · 5° piso · Depto C
2294,15-2,5,B,Núcleo 15-2 · 5° piso · Depto B
2295,15-2,5,A,Núcleo 15-2 · 5° piso · Depto A
2296,15-3,5,A,Núcleo 15-3 · 5° piso · Depto A
2297,15-3,5,B,Núcleo 15-3 · 5° piso · Depto B
2298,15-3,5,C,Núcleo 15-3 · 5° piso · Depto C
2299,15-1,5,D,Núcleo 15-1 · 5° piso · Depto D
2300,15-1,5,E,Núcleo 15-1 · 5° piso · Depto E
2301,15-2,5,D,Núcleo 15-2 · 5° piso · Depto D
2302,15-2,5,E,Núcleo 15-2 · 5° piso · Depto E
2303,15-2,5,F,Núcleo 15-2 · 5° piso · Depto F
2304,15-3,5,F,Núcleo 15-3 · 5° piso · Depto F
2305,15-3,5,E,Núcleo 15-3 · 5° piso · Depto E
2306,15-3,5,D,Núcleo 15-3 · 5° piso · Depto D
2307,15-1,6,C,Núcleo 15-1 · 6° piso · Depto C
2308,15-1,6,B,Núcleo 15-1 · 6° piso · Depto B
2309,15-1,6,A,Núcleo 15-1 · 6° piso · Depto A
2310,15-1,6,F,Núcleo 15-1 · 6° piso · Depto F
2311,15-2,6,C,Núcleo 15-2 · 6° piso · Depto C
2312,15-2,6,B,Núcleo 15-2 · 6° piso · Depto B
2313,15-2,6,A,Núcleo 15-2 · 6° piso · Depto A
2314,15-3,6,A,Núcleo 15-3 · 6° piso · Depto A
2315,15-3,6,B,Núcleo 15-3 · 6° piso · Depto B
2316,15-3,6,C,Núcleo 15-3 · 6° piso · Depto C
2317,15-1,6,D,Núcleo 15-1 · 6° piso · Depto D
2318,15-1,6,E,Núcleo 15-1 · 6° piso · Depto E
2319,15-2,6,D,Núcleo 15-2 · 6° piso · Depto D
2320,15-2,6,E,Núcleo 15-2 · 6° piso · Depto E
2321,15-2,6,F,Núcleo 15-2 · 6° piso · Depto F
2322,15-3,6,F,Núcleo 15-3 · 6° piso · Depto F
2323,15-3,6,E,Núcleo 15-3 · 6° piso · Depto E
2324,15-3,6,D,Núcleo 15-3 · 6° piso · Depto D
2325,15-1,7,C,Núcleo 15-1 · 7° piso · Depto C
2326,15-1,7,B,Núcleo 15-1 · 7° piso · Depto B
2327,15-1,7,A,Núcleo 15-1 · 7° piso · Depto A
2328,15-1,7,F,Núcleo 15-1 · 7° piso · Depto F
2329,15-2,7,C,Núcleo 15-2 · 7° piso · Depto C
2330,15-2,7,B,Núcleo 15-2 · 7° piso · Depto B
2331,15-2,7,A,Núcleo 15-2 · 7° piso · Depto A
2332,15-3,7,A,Núcleo 15-3 · 7° piso · Depto A
2333,15-3,7,B,Núcleo 15-3 · 7° piso · Depto B
2334,15-3,7,C,Núcleo 15-3 · 7° piso · Depto C
2335,15-1,7,D,Núcleo 15-1 · 7° piso · Depto D
2336,15-1,7,E,Núcleo 15-1 · 7° piso · Depto E
2337,15-2,7,D,Núcleo 15-2 · 7° piso · Depto D
2338,15-2,7,E,Núcleo 15-2 · 7° piso · Depto E
2339,15-2,7,F,Núcleo 15-2 · 7° piso · Depto F
2340,15-3,7,F,Núcleo 15-3 · 7° piso · Depto F
2341,15-3,7,E,Núcleo 15-3 · 7° piso · Depto E
2342,15-3,7,D,Núcleo 15-3 · 7° piso · Depto D
2343,15-1,8,C,Núcleo 15-1 · 8° piso · Depto C
2344,15-1,8,B,Núcleo 15-1 · 8° piso · Depto B
2345,15-1,8,A,Núcleo 15-1 · 8° piso · Depto A
2346,15-1,8,F,Núcleo 15-1 · 8° piso · Depto F
2347,15-2,8,C,Núcleo 15-2 · 8° piso · Depto C
2348,15-2,8,B,Núcleo 15-2 · 8° piso · Depto B
2349,15-2,8,A,Núcleo 15-2 · 8° piso · Depto A
2350,15-3,8,A,Núcleo 15-3 · 8° piso · Depto A
2351,15-3,8,B,Núcleo 15-3 · 8° piso · Depto B
2352,15-3,8,C,Núcleo 15-3 · 8° piso · Depto C
2353,15-1,8,D,Núcleo 15-1 · 8° piso · Depto D
2354,15-1,8,E,Núcleo 15-1 · 8° piso · Depto E
2355,15-2,8,D,Núcleo 15-2 · 8° piso · Depto D
2356,15-2,8,E,Núcleo 15-2 · 8° piso · Depto E
2357,15-2,8,F,Núcleo 15-2 · 8° piso · Depto F
2358,15-3,8,F,Núcleo 15-3 · 8° piso · Depto F
2359,15-3,8,E,Núcleo 15-3 · 8° piso · Depto E
2360,15-3,8,D,Núcleo 15-3 · 8° piso · Depto D
2361,15-1,9,C,Núcleo 15-1 · 9° piso · Depto C
2362,15-1,9,B,Núcleo 15-1 · 9° piso · Depto B
2363,15-1,9,A,Núcleo 15-1 · 9° piso · Depto A
2364,15-1,9,F,Núcleo 15-1 · 9° piso · Depto F
2365,15-2,9,C,Núcleo 15-2 · 9° piso · Depto C
2366,15-2,9,B,Núcleo 15-2 · 9° piso · Depto B
2367,15-2,9,A,Núcleo 15-2 · 9° piso · Depto A
2368,15-3,9,A,Núcleo 15-3 · 9° piso · Depto A
2369,15-3,9,B,Núcleo 15-3 · 9° piso · Depto B
2370,15-3,9,C,Núcleo 15-3 · 9° piso · Depto C
2371,15-1,9,D,Núcleo 15-1 · 9° piso · Depto D
2372,15-1,9,E,Núcleo 15-1 · 9° piso · Depto E
2373,15-2,9,D,Núcleo 15-2 · 9° piso · Depto D
2374,15-2,9,E,Núcleo 15-2 · 9° piso · Depto E
2375,15-2,9,F,Núcleo 15-2 · 9° piso · Depto F
2376,15-3,9,F,Núcleo 15-3 · 9° piso · Depto F
2377,15-3,9,E,Núcleo 15-3 · 9° piso · Depto E
2378,15-3,9,D,Núcleo 15-3 · 9° piso · Depto D
2379,15-1,10,C,Núcleo 15-1 · 10° piso · Depto C
2380,15-1,10,B,Núcleo 15-1 · 10° piso · Depto B
2381,15-1,10,A,Núcleo 15-1 · 10° piso · Depto A
2382,15-1,10,F,Núcleo 15-1 · 10° piso · Depto F
2383,15-2,10,C,Núcleo 15-2 · 10° piso · Depto C
2384,15-2,10,B,Núcleo 15-2 · 10° piso · Depto B
2385,15-2,10,A,Núcleo 15-2 · 10° piso · Depto A
2386,15-3,10,A,Núcleo 15-3 · 10° piso · Depto A
2387,15-3,10,B,Núcleo 15-3 · 10° piso · Depto B
2388,15-3,10,C,Núcleo 15-3 · 10° piso · Depto C
2389,15-1,10,D,Núcleo 15-1 · 10° piso · Depto D
2390,15-1,10,E,Núcleo 15-1 · 10° piso · Depto E
2391,15-2,10,D,Núcleo 15-2 · 10° piso · Depto D
2392,15-2,10,E,Núcleo 15-2 · 10° piso · Depto E
2393,15-2,10,F,Núcleo 15-2 · 10° piso · Depto F
2394,15-3,10,F,Núcleo 15-3 · 10° piso · Depto F
2395,15-3,10,E,Núcleo 15-3 · 10° piso · Depto E
2396,15-3,10,D,Núcleo 15-3 · 10° piso · Depto D
